{"cameraMode":{"drawMode":0,"name":"Shaded","section":"Shading Mode"},"sceneLighting":true,"audioPlay":false,"sceneViewState":{"showFog":true,"showMaterialUpdate":false,"showSkybox":true,"showFlares":true,"showImageEffects":true,"showParticleSystems":true},"in2DMode":false,"pivot":{"x":0.23440653085708619,"y":14.598028182983399,"z":-22.397308349609376},"rotation":{"x":0.014697646722197533,"y":0.0134980957955122,"z":-0.0001984474074561149,"w":0.999801516532898},"size":15.415830612182618,"orthographic":false}