{"cameraMode":{"drawMode":0,"name":"Shaded","section":"Shading Mode"},"sceneLighting":true,"audioPlay":false,"sceneViewState":{"showFog":true,"showMaterialUpdate":false,"showSkybox":true,"showFlares":true,"showImageEffects":true,"showParticleSystems":true},"in2DMode":false,"pivot":{"x":41.04480743408203,"y":-10.7205810546875,"z":18.554662704467775},"rotation":{"x":-0.23808510601520539,"y":-0.5117766261100769,"z":0.1501152217388153,"w":-0.8117222189903259},"size":51.206459045410159,"orthographic":false}